op_type,op_name,value_bytes,count
0,SLOAD,32,696683837
1,SSTORE,32,205091770
2,BALANCE,32,847817
3,SELFBALANCE,32,5903806
4,EXTCODESIZE,32,64062292
5,EXTCODEHASH,32,349519
6,EXTCODECOPY,0,97
6,EXTCODECOPY,1,327
6,EXTCODECOPY,2,88
6,EXTCODECOPY,3,2043
6,EXTCODECOPY,4,1316
6,EXTCODECOPY,6,20
6,EXTCODECOPY,8,18
6,EXTCODECOPY,9,1
6,EXTCODECOPY,20,618
6,EXTCODECOPY,23,20090
6,EXTCODECOPY,32,68862
6,EXTCODECOPY,36,456
6,EXTCODECOPY,38,48
6,EXTCODECOPY,40,5173
6,EXTCODECOPY,44,33
6,EXTCODECOPY,45,63
6,EXTCODECOPY,46,32
6,EXTCODECOPY,52,11004
6,EXTCODECOPY,61,23
6,EXTCODECOPY,64,19
6,EXTCODECOPY,70,18
6,EXTCODECOPY,72,165
6,EXTCODECOPY,73,15
6,EXTCODECOPY,76,1
6,EXTCODECOPY,84,11
6,EXTCODECOPY,92,53342
6,EXTCODECOPY,96,601
6,EXTCODECOPY,97,1
6,EXTCODECOPY,106,46
6,EXTCODECOPY,107,2122
6,EXTCODECOPY,110,1
6,EXTCODECOPY,116,2
6,EXTCODECOPY,122,32
6,EXTCODECOPY,128,36
6,EXTCODECOPY,140,7
6,EXTCODECOPY,142,46
6,EXTCODECOPY,160,6
6,EXTCODECOPY,164,81
6,EXTCODECOPY,171,8
6,EXTCODECOPY,174,1
6,EXTCODECOPY,178,1
6,EXTCODECOPY,184,84
6,EXTCODECOPY,192,1
6,EXTCODECOPY,193,115
6,EXTCODECOPY,224,20
6,EXTCODECOPY,232,1
6,EXTCODECOPY,256,4
6,EXTCODECOPY,257,1
6,EXTCODECOPY,259,1
6,EXTCODECOPY,276,2
6,EXTCODECOPY,288,1
6,EXTCODECOPY,327,2
6,EXTCODECOPY,330,1
6,EXTCODECOPY,344,2
6,EXTCODECOPY,384,112
6,EXTCODECOPY,398,4
6,EXTCODECOPY,426,10
6,EXTCODECOPY,446,1
6,EXTCODECOPY,484,8
6,EXTCODECOPY,512,9
6,EXTCODECOPY,582,1
6,EXTCODECOPY,680,1
6,EXTCODECOPY,1119,1
6,EXTCODECOPY,1159,6
6,EXTCODECOPY,1216,3
6,EXTCODECOPY,1316,1
6,EXTCODECOPY,1326,1
6,EXTCODECOPY,1523,3
6,EXTCODECOPY,1582,2
6,EXTCODECOPY,1633,149
6,EXTCODECOPY,1648,3
6,EXTCODECOPY,1853,21
6,EXTCODECOPY,2118,7
6,EXTCODECOPY,2141,1
6,EXTCODECOPY,2206,8
6,EXTCODECOPY,2290,3
6,EXTCODECOPY,2338,23
6,EXTCODECOPY,2431,2
6,EXTCODECOPY,2584,1
6,EXTCODECOPY,2631,3
6,EXTCODECOPY,3003,17
6,EXTCODECOPY,3123,2
6,EXTCODECOPY,3153,1
6,EXTCODECOPY,3284,1
6,EXTCODECOPY,3444,1
6,EXTCODECOPY,3473,4
6,EXTCODECOPY,3537,1
6,EXTCODECOPY,3661,1
6,EXTCODECOPY,3758,2862
6,EXTCODECOPY,3813,1
6,EXTCODECOPY,3842,2
6,EXTCODECOPY,4050,20
6,EXTCODECOPY,4060,1
6,EXTCODECOPY,4128,14
6,EXTCODECOPY,4298,36
6,EXTCODECOPY,4369,1
6,EXTCODECOPY,4582,1
6,EXTCODECOPY,4716,2
6,EXTCODECOPY,4784,1
6,EXTCODECOPY,5301,2
6,EXTCODECOPY,5436,10
6,EXTCODECOPY,5590,13
6,EXTCODECOPY,5646,1
6,EXTCODECOPY,5826,1
6,EXTCODECOPY,6024,2
6,EXTCODECOPY,6082,1
6,EXTCODECOPY,6338,1
6,EXTCODECOPY,6419,2
6,EXTCODECOPY,6754,3
6,EXTCODECOPY,6790,1
6,EXTCODECOPY,6795,3
6,EXTCODECOPY,7440,1
6,EXTCODECOPY,7713,1
6,EXTCODECOPY,8557,5
6,EXTCODECOPY,8684,8
6,EXTCODECOPY,8953,4
6,EXTCODECOPY,8958,12
6,EXTCODECOPY,9084,2
6,EXTCODECOPY,9830,2
6,EXTCODECOPY,10044,5
6,EXTCODECOPY,10066,9
6,EXTCODECOPY,10165,233
6,EXTCODECOPY,10357,7
6,EXTCODECOPY,10358,7
6,EXTCODECOPY,10649,6
6,EXTCODECOPY,10707,2
6,EXTCODECOPY,10975,6
6,EXTCODECOPY,11037,6
6,EXTCODECOPY,11075,3
6,EXTCODECOPY,11197,1
6,EXTCODECOPY,11481,8
6,EXTCODECOPY,11822,1
6,EXTCODECOPY,11890,2
6,EXTCODECOPY,11995,1
6,EXTCODECOPY,12357,2
6,EXTCODECOPY,12358,2
6,EXTCODECOPY,12567,2
6,EXTCODECOPY,12573,62
6,EXTCODECOPY,12574,62
6,EXTCODECOPY,12617,1
6,EXTCODECOPY,12618,1
6,EXTCODECOPY,12887,2
6,EXTCODECOPY,13413,484
6,EXTCODECOPY,13646,1
6,EXTCODECOPY,13824,14
6,EXTCODECOPY,13879,1
6,EXTCODECOPY,13880,1
6,EXTCODECOPY,13969,1
6,EXTCODECOPY,17462,253
6,EXTCODECOPY,17484,10
6,EXTCODECOPY,18834,8
6,EXTCODECOPY,19650,2
6,EXTCODECOPY,21304,10
6,EXTCODECOPY,21573,1
6,EXTCODECOPY,22105,1
6,EXTCODECOPY,23049,1
6,EXTCODECOPY,23114,1
6,EXTCODECOPY,23503,2
6,EXTCODECOPY,24028,6
6,EXTCODECOPY,24383,10
6,EXTCODECOPY,24513,1
6,EXTCODECOPY,24576,1
7,CALL,0,94732218
8,STATICCALL,0,75604995
9,DELEGATECALL,0,47012755
10,CALLCODE,0,19
11,CREATE,0,2
11,CREATE,22,16
11,CREATE,31,1131
11,CREATE,37,53
11,CREATE,39,7
11,CREATE,41,2
11,CREATE,42,2
11,CREATE,45,1
11,CREATE,46,1
11,CREATE,48,2
11,CREATE,49,2
11,CREATE,50,4
11,CREATE,51,8
11,CREATE,52,2
11,CREATE,53,35
11,CREATE,54,36
11,CREATE,55,1639
11,CREATE,56,3
11,CREATE,57,3
11,CREATE,58,3
11,CREATE,59,3
11,CREATE,60,5
11,CREATE,61,2
11,CREATE,62,4
11,CREATE,63,2
11,CREATE,64,6
11,CREATE,65,19
11,CREATE,66,6
11,CREATE,67,2
11,CREATE,68,1
11,CREATE,69,5
11,CREATE,70,6
11,CREATE,71,9
11,CREATE,72,7
11,CREATE,73,4
11,CREATE,74,3
11,CREATE,75,1
11,CREATE,76,3
11,CREATE,77,2
11,CREATE,78,6
11,CREATE,79,7
11,CREATE,81,6
11,CREATE,82,2
11,CREATE,83,6
11,CREATE,84,2
11,CREATE,85,2
11,CREATE,86,6
11,CREATE,87,6
11,CREATE,88,2
11,CREATE,89,4
11,CREATE,90,1
11,CREATE,91,4
11,CREATE,92,46
11,CREATE,93,5
11,CREATE,94,3
11,CREATE,95,4
11,CREATE,96,4
11,CREATE,97,588
11,CREATE,98,4
11,CREATE,99,4
11,CREATE,100,5
11,CREATE,101,5
11,CREATE,102,4
11,CREATE,103,3
11,CREATE,104,1
11,CREATE,105,7
11,CREATE,107,6
11,CREATE,108,3
11,CREATE,109,2
11,CREATE,110,1
11,CREATE,111,11
11,CREATE,112,1
11,CREATE,113,10
11,CREATE,114,2
11,CREATE,115,2
11,CREATE,116,6
11,CREATE,117,14
11,CREATE,118,22
11,CREATE,119,15
11,CREATE,120,10
11,CREATE,121,2
11,CREATE,122,3
11,CREATE,123,7
11,CREATE,124,14
11,CREATE,125,21
11,CREATE,126,3
11,CREATE,127,7
11,CREATE,128,1
11,CREATE,129,7
11,CREATE,130,13
11,CREATE,131,1
11,CREATE,132,5
11,CREATE,133,5
11,CREATE,134,15
11,CREATE,135,5
11,CREATE,136,6
11,CREATE,137,15
11,CREATE,138,17
11,CREATE,139,6
11,CREATE,140,2
11,CREATE,141,113
11,CREATE,142,12
11,CREATE,143,5
11,CREATE,145,4
11,CREATE,146,8
11,CREATE,147,7
11,CREATE,148,21
11,CREATE,149,16
11,CREATE,150,6
11,CREATE,151,8
11,CREATE,152,12
11,CREATE,153,2
11,CREATE,154,2
11,CREATE,155,1
11,CREATE,156,11
11,CREATE,157,1
11,CREATE,158,13
11,CREATE,159,5
11,CREATE,161,20
11,CREATE,162,4
11,CREATE,163,4
11,CREATE,164,5
11,CREATE,165,1
11,CREATE,166,1
11,CREATE,167,7
11,CREATE,168,3
11,CREATE,169,4
11,CREATE,170,7
11,CREATE,171,5
11,CREATE,172,6
11,CREATE,173,4
11,CREATE,174,6
11,CREATE,175,2
11,CREATE,176,1
11,CREATE,177,2
11,CREATE,178,5
11,CREATE,180,13
11,CREATE,181,2
11,CREATE,182,6
11,CREATE,184,3
11,CREATE,185,5
11,CREATE,186,12
11,CREATE,188,7
11,CREATE,190,1
11,CREATE,191,2
11,CREATE,193,1
11,CREATE,194,5
11,CREATE,195,1
11,CREATE,196,1
11,CREATE,197,9
11,CREATE,198,4
11,CREATE,199,2
11,CREATE,200,1
11,CREATE,201,1
11,CREATE,202,5
11,CREATE,203,2
11,CREATE,205,4
11,CREATE,206,2
11,CREATE,207,9
11,CREATE,208,5
11,CREATE,209,9
11,CREATE,211,6
11,CREATE,212,1
11,CREATE,213,9
11,CREATE,215,12
11,CREATE,216,1
11,CREATE,217,7
11,CREATE,218,395
11,CREATE,219,1
11,CREATE,220,1
11,CREATE,221,5
11,CREATE,222,6
11,CREATE,223,2
11,CREATE,225,185
11,CREATE,226,6327
11,CREATE,228,4
11,CREATE,229,8
11,CREATE,230,6080
11,CREATE,231,1
11,CREATE,232,6
11,CREATE,235,4
11,CREATE,236,4
11,CREATE,238,5
11,CREATE,239,1
11,CREATE,240,2
11,CREATE,241,3
11,CREATE,243,3
11,CREATE,245,3
11,CREATE,247,6
11,CREATE,248,3
11,CREATE,249,2
11,CREATE,250,1
11,CREATE,251,2
11,CREATE,252,4
11,CREATE,253,5
11,CREATE,254,3
11,CREATE,255,3
11,CREATE,256,2
11,CREATE,258,3
11,CREATE,259,4
11,CREATE,260,6
11,CREATE,261,7
11,CREATE,262,6
11,CREATE,264,3
11,CREATE,265,3
11,CREATE,266,1
11,CREATE,267,1
11,CREATE,270,3
11,CREATE,271,2
11,CREATE,273,4
11,CREATE,274,1
11,CREATE,275,5
11,CREATE,276,5
11,CREATE,277,1
11,CREATE,278,7
11,CREATE,280,3
11,CREATE,281,1
11,CREATE,282,8
11,CREATE,283,1
11,CREATE,284,1
11,CREATE,285,4
11,CREATE,286,4
11,CREATE,287,3
11,CREATE,289,5
11,CREATE,290,4
11,CREATE,291,1
11,CREATE,292,23
11,CREATE,293,3
11,CREATE,295,5
11,CREATE,296,2
11,CREATE,297,1
11,CREATE,299,1
11,CREATE,300,2
11,CREATE,301,1
11,CREATE,303,6
11,CREATE,304,1
11,CREATE,305,5
11,CREATE,306,3
11,CREATE,307,5
11,CREATE,308,3
11,CREATE,309,1
11,CREATE,310,3
11,CREATE,312,1
11,CREATE,313,2
11,CREATE,315,3
11,CREATE,316,4
11,CREATE,317,1
11,CREATE,319,1
11,CREATE,320,4
11,CREATE,321,1
11,CREATE,322,2
11,CREATE,323,1
11,CREATE,324,5
11,CREATE,325,4
11,CREATE,326,1
11,CREATE,328,2
11,CREATE,329,10
11,CREATE,330,3
11,CREATE,331,1
11,CREATE,332,1
11,CREATE,333,2
11,CREATE,334,6
11,CREATE,335,1
11,CREATE,337,3
11,CREATE,339,1
11,CREATE,340,21
11,CREATE,342,4
11,CREATE,343,4
11,CREATE,344,1
11,CREATE,346,2
11,CREATE,347,3
11,CREATE,349,2
11,CREATE,350,2
11,CREATE,351,1
11,CREATE,352,1
11,CREATE,354,3
11,CREATE,356,1
11,CREATE,357,2
11,CREATE,358,5
11,CREATE,361,1
11,CREATE,362,1
11,CREATE,363,3
11,CREATE,364,1
11,CREATE,365,1
11,CREATE,367,1
11,CREATE,369,1
11,CREATE,370,3
11,CREATE,371,1
11,CREATE,373,2
11,CREATE,374,3
11,CREATE,375,1
11,CREATE,376,2
11,CREATE,378,1
11,CREATE,379,1
11,CREATE,380,2
11,CREATE,381,2
11,CREATE,382,1
11,CREATE,383,4
11,CREATE,384,2
11,CREATE,386,1
11,CREATE,387,2
11,CREATE,388,1
11,CREATE,389,3
11,CREATE,390,2
11,CREATE,391,4
11,CREATE,393,2
11,CREATE,394,2
11,CREATE,395,1
11,CREATE,397,1
11,CREATE,399,2
11,CREATE,400,4
11,CREATE,401,1
11,CREATE,402,1
11,CREATE,403,5
11,CREATE,404,4
11,CREATE,405,1
11,CREATE,407,1
11,CREATE,408,2
11,CREATE,409,1
11,CREATE,410,1
11,CREATE,411,2
11,CREATE,412,4
11,CREATE,413,1
11,CREATE,415,3
11,CREATE,416,1
11,CREATE,417,2
11,CREATE,418,1
11,CREATE,419,4
11,CREATE,420,2
11,CREATE,421,4
11,CREATE,422,2
11,CREATE,423,3
11,CREATE,425,3
11,CREATE,426,5
11,CREATE,427,3
11,CREATE,428,2
11,CREATE,429,1
11,CREATE,430,1
11,CREATE,431,1
11,CREATE,432,1
11,CREATE,434,2
11,CREATE,435,1
11,CREATE,437,2
11,CREATE,438,1
11,CREATE,439,3
11,CREATE,440,3
11,CREATE,441,1
11,CREATE,442,2
11,CREATE,443,2
11,CREATE,444,1
11,CREATE,445,4
11,CREATE,447,8
11,CREATE,448,2
11,CREATE,449,2
11,CREATE,450,1
11,CREATE,451,3
11,CREATE,453,3
11,CREATE,454,3
11,CREATE,455,1
11,CREATE,456,1
11,CREATE,458,3
11,CREATE,459,5
11,CREATE,460,2
11,CREATE,461,1
11,CREATE,462,4
11,CREATE,464,2
11,CREATE,465,2
11,CREATE,466,2
11,CREATE,467,1
11,CREATE,468,1
11,CREATE,469,1
11,CREATE,470,1
11,CREATE,472,4
11,CREATE,473,4
11,CREATE,474,2
11,CREATE,475,1
11,CREATE,476,1
11,CREATE,477,1
11,CREATE,478,1
11,CREATE,479,1
11,CREATE,480,1
11,CREATE,481,1
11,CREATE,482,2
11,CREATE,483,2
11,CREATE,484,1
11,CREATE,485,3
11,CREATE,486,1
11,CREATE,487,1
11,CREATE,488,3
11,CREATE,489,1
11,CREATE,490,1
11,CREATE,491,2
11,CREATE,493,4
11,CREATE,494,5
11,CREATE,495,1
11,CREATE,496,2
11,CREATE,497,5
11,CREATE,498,2
11,CREATE,499,5
11,CREATE,500,1
11,CREATE,501,2
11,CREATE,502,3
11,CREATE,503,1
11,CREATE,504,4
11,CREATE,505,2
11,CREATE,506,1
11,CREATE,507,5
11,CREATE,508,2
11,CREATE,509,2
11,CREATE,510,1
11,CREATE,512,2
11,CREATE,513,3
11,CREATE,514,2
11,CREATE,516,4
11,CREATE,518,259
11,CREATE,520,9
11,CREATE,521,4
11,CREATE,522,2
11,CREATE,524,1
11,CREATE,525,2
11,CREATE,526,3
11,CREATE,527,2
11,CREATE,528,1
11,CREATE,530,3
11,CREATE,531,1
11,CREATE,532,1
11,CREATE,533,4
11,CREATE,534,3
11,CREATE,535,2
11,CREATE,536,2
11,CREATE,537,3
11,CREATE,538,6
11,CREATE,539,2
11,CREATE,540,4
11,CREATE,541,1
11,CREATE,542,1
11,CREATE,543,1
11,CREATE,544,2
11,CREATE,545,1
11,CREATE,546,3
11,CREATE,547,2
11,CREATE,548,2
11,CREATE,549,1
11,CREATE,550,1
11,CREATE,552,1
11,CREATE,554,1
11,CREATE,556,2
11,CREATE,557,6
11,CREATE,558,1
11,CREATE,560,1
11,CREATE,561,2
11,CREATE,563,3
11,CREATE,564,2
11,CREATE,565,3
11,CREATE,566,4
11,CREATE,567,1
11,CREATE,568,1
11,CREATE,569,4
11,CREATE,571,4
11,CREATE,572,4
11,CREATE,573,4
11,CREATE,574,1
11,CREATE,575,1
11,CREATE,576,3
11,CREATE,577,4
11,CREATE,578,3
11,CREATE,579,2
11,CREATE,580,2
11,CREATE,581,3
11,CREATE,582,1
11,CREATE,586,1
11,CREATE,587,1
11,CREATE,588,1
11,CREATE,589,1
11,CREATE,590,3
11,CREATE,591,3
11,CREATE,592,4
11,CREATE,593,1
11,CREATE,594,2
11,CREATE,595,2
11,CREATE,596,2
11,CREATE,597,14
11,CREATE,598,102
11,CREATE,599,7
11,CREATE,600,1
11,CREATE,601,4
11,CREATE,602,3
11,CREATE,603,1
11,CREATE,604,3
11,CREATE,607,2
11,CREATE,609,2
11,CREATE,610,2
11,CREATE,611,2
11,CREATE,612,2
11,CREATE,613,4
11,CREATE,614,1
11,CREATE,615,5
11,CREATE,616,2
11,CREATE,617,2
11,CREATE,618,1
11,CREATE,619,1
11,CREATE,621,1
11,CREATE,622,1
11,CREATE,623,1
11,CREATE,625,1
11,CREATE,626,2
11,CREATE,627,3
11,CREATE,629,6
11,CREATE,630,2
11,CREATE,631,2
11,CREATE,632,1
11,CREATE,633,6
11,CREATE,634,1
11,CREATE,635,5
11,CREATE,636,6
11,CREATE,637,1
11,CREATE,638,5
11,CREATE,639,1
11,CREATE,640,2
11,CREATE,641,2
11,CREATE,642,1
11,CREATE,643,1
11,CREATE,644,2
11,CREATE,645,2
11,CREATE,646,4
11,CREATE,647,3
11,CREATE,648,6
11,CREATE,649,2
11,CREATE,650,1
11,CREATE,651,2
11,CREATE,652,1
11,CREATE,653,5
11,CREATE,654,3
11,CREATE,655,4
11,CREATE,656,1
11,CREATE,657,5
11,CREATE,658,4
11,CREATE,659,6
11,CREATE,660,2
11,CREATE,661,3
11,CREATE,662,3
11,CREATE,663,3
11,CREATE,664,5
11,CREATE,666,4
11,CREATE,667,5
11,CREATE,668,3
11,CREATE,669,3
11,CREATE,670,2
11,CREATE,671,1
11,CREATE,672,1
11,CREATE,673,2
11,CREATE,674,2
11,CREATE,675,2
11,CREATE,676,1
11,CREATE,677,2
11,CREATE,678,3
11,CREATE,679,2
11,CREATE,680,1
11,CREATE,681,1
11,CREATE,682,4
11,CREATE,684,1
11,CREATE,685,2
11,CREATE,686,5
11,CREATE,687,2
11,CREATE,688,3
11,CREATE,689,3
11,CREATE,690,3
11,CREATE,692,3
11,CREATE,693,1
11,CREATE,695,2
11,CREATE,696,1
11,CREATE,698,1
11,CREATE,700,4
11,CREATE,701,1
11,CREATE,702,1
11,CREATE,703,1
11,CREATE,704,1
11,CREATE,706,1
11,CREATE,707,2
11,CREATE,708,2
11,CREATE,709,2
11,CREATE,710,4
11,CREATE,711,1
11,CREATE,712,2
11,CREATE,714,4
11,CREATE,716,2
11,CREATE,717,1
11,CREATE,718,3
11,CREATE,719,2
11,CREATE,720,2
11,CREATE,721,3
11,CREATE,723,1
11,CREATE,724,3
11,CREATE,725,2
11,CREATE,726,1
11,CREATE,727,2
11,CREATE,730,1
11,CREATE,731,2
11,CREATE,732,2
11,CREATE,733,3
11,CREATE,734,1
11,CREATE,736,1
11,CREATE,738,4
11,CREATE,742,1
11,CREATE,743,2
11,CREATE,744,3
11,CREATE,746,3
11,CREATE,747,1
11,CREATE,749,1
11,CREATE,752,1
11,CREATE,753,3
11,CREATE,754,1
11,CREATE,756,1
11,CREATE,757,1
11,CREATE,758,1
11,CREATE,759,1
11,CREATE,760,2
11,CREATE,761,3
11,CREATE,762,3
11,CREATE,765,1
11,CREATE,766,3
11,CREATE,767,3
11,CREATE,769,1
11,CREATE,770,1
11,CREATE,771,1
11,CREATE,773,2
11,CREATE,774,1
11,CREATE,776,1
11,CREATE,778,1
11,CREATE,779,2
11,CREATE,780,2
11,CREATE,781,1
11,CREATE,782,2
11,CREATE,783,1
11,CREATE,784,1
11,CREATE,785,3
11,CREATE,787,2
11,CREATE,788,2
11,CREATE,789,6
11,CREATE,790,2
11,CREATE,791,1
11,CREATE,793,1
11,CREATE,794,1
11,CREATE,796,1
11,CREATE,798,1
11,CREATE,801,1
11,CREATE,802,1
11,CREATE,803,4
11,CREATE,805,1
11,CREATE,806,1
11,CREATE,808,3
11,CREATE,809,2
11,CREATE,811,1
11,CREATE,812,2
11,CREATE,814,3
11,CREATE,816,2
11,CREATE,817,1
11,CREATE,818,1
11,CREATE,819,6
11,CREATE,820,1
11,CREATE,822,2
11,CREATE,823,1
11,CREATE,824,1
11,CREATE,825,2
11,CREATE,826,1
11,CREATE,827,4
11,CREATE,829,1
11,CREATE,830,1
11,CREATE,832,3
11,CREATE,833,1
11,CREATE,834,2
11,CREATE,835,2
11,CREATE,838,1
11,CREATE,839,683
11,CREATE,840,1
11,CREATE,842,1
11,CREATE,843,1
11,CREATE,849,3
11,CREATE,851,1
11,CREATE,854,1
11,CREATE,855,1
11,CREATE,857,1
11,CREATE,858,1
11,CREATE,859,2
11,CREATE,862,90
11,CREATE,865,1
11,CREATE,866,1
11,CREATE,868,1
11,CREATE,869,1
11,CREATE,871,3
11,CREATE,872,1
11,CREATE,873,3
11,CREATE,874,1
11,CREATE,875,4
11,CREATE,876,4
11,CREATE,877,1
11,CREATE,879,1
11,CREATE,880,1
11,CREATE,881,1
11,CREATE,884,1
11,CREATE,885,2
11,CREATE,886,7
11,CREATE,887,12
11,CREATE,889,2
11,CREATE,891,3
11,CREATE,892,27
11,CREATE,894,1
11,CREATE,898,7
11,CREATE,899,1
11,CREATE,900,1
11,CREATE,901,1
11,CREATE,903,1
11,CREATE,904,3
11,CREATE,907,1
11,CREATE,908,4
11,CREATE,911,1
11,CREATE,912,5
11,CREATE,913,1
11,CREATE,914,1
11,CREATE,917,1
11,CREATE,920,1
11,CREATE,922,1
11,CREATE,925,7
11,CREATE,926,1
11,CREATE,931,1
11,CREATE,932,3
11,CREATE,933,1
11,CREATE,934,1
11,CREATE,936,2
11,CREATE,937,1
11,CREATE,938,1
11,CREATE,940,2
11,CREATE,942,1
11,CREATE,946,3
11,CREATE,947,1
11,CREATE,950,1
11,CREATE,951,1
11,CREATE,953,1
11,CREATE,954,1
11,CREATE,955,4
11,CREATE,956,1
11,CREATE,960,1
11,CREATE,964,2
11,CREATE,967,2
11,CREATE,968,1
11,CREATE,969,15
11,CREATE,972,5
11,CREATE,975,1
11,CREATE,977,2
11,CREATE,981,2
11,CREATE,982,1
11,CREATE,983,2
11,CREATE,984,2
11,CREATE,985,1
11,CREATE,986,1
11,CREATE,991,2
11,CREATE,996,2
11,CREATE,1002,1
11,CREATE,1004,2
11,CREATE,1005,3
11,CREATE,1007,1
11,CREATE,1008,1
11,CREATE,1009,1
11,CREATE,1012,1
11,CREATE,1013,1
11,CREATE,1015,3
11,CREATE,1016,6
11,CREATE,1022,6
11,CREATE,1023,1
11,CREATE,1025,1
11,CREATE,1028,1
11,CREATE,1029,2
11,CREATE,1030,1
11,CREATE,1031,1
11,CREATE,1033,1
11,CREATE,1034,2
11,CREATE,1036,2
11,CREATE,1038,1
11,CREATE,1039,2
11,CREATE,1041,1
11,CREATE,1042,3
11,CREATE,1044,1
11,CREATE,1045,1
11,CREATE,1047,1
11,CREATE,1048,1
11,CREATE,1051,1
11,CREATE,1054,1
11,CREATE,1055,1
11,CREATE,1056,2
11,CREATE,1057,2
11,CREATE,1058,1
11,CREATE,1060,1
11,CREATE,1062,1
11,CREATE,1063,1
11,CREATE,1064,1
11,CREATE,1066,8
11,CREATE,1067,1
11,CREATE,1071,1
11,CREATE,1073,2
11,CREATE,1074,1
11,CREATE,1076,1
11,CREATE,1078,1
11,CREATE,1080,2
11,CREATE,1082,1
11,CREATE,1083,1
11,CREATE,1084,1
11,CREATE,1085,95
11,CREATE,1087,1
11,CREATE,1089,1
11,CREATE,1095,2
11,CREATE,1096,1
11,CREATE,1098,2
11,CREATE,1099,1
11,CREATE,1100,1
11,CREATE,1101,2
11,CREATE,1102,1
11,CREATE,1103,2
11,CREATE,1105,1
11,CREATE,1106,2
11,CREATE,1108,3
11,CREATE,1112,1
11,CREATE,1117,1
11,CREATE,1120,5
11,CREATE,1121,2
11,CREATE,1122,9
11,CREATE,1126,3
11,CREATE,1127,1
11,CREATE,1128,2
11,CREATE,1131,2
11,CREATE,1132,2
11,CREATE,1135,1
11,CREATE,1136,1776
11,CREATE,1137,2
11,CREATE,1138,1
11,CREATE,1140,1
11,CREATE,1141,1
11,CREATE,1143,1
11,CREATE,1144,1
11,CREATE,1145,1
11,CREATE,1146,3
11,CREATE,1148,1
11,CREATE,1152,1
11,CREATE,1153,1
11,CREATE,1154,1
11,CREATE,1155,1
11,CREATE,1158,1
11,CREATE,1159,1
11,CREATE,1162,1
11,CREATE,1163,1
11,CREATE,1165,11
11,CREATE,1170,1
11,CREATE,1174,1
11,CREATE,1176,1
11,CREATE,1177,2
11,CREATE,1178,30
11,CREATE,1181,2
11,CREATE,1183,2
11,CREATE,1184,5
11,CREATE,1186,1
11,CREATE,1187,1
11,CREATE,1196,1
11,CREATE,1201,2
11,CREATE,1207,1
11,CREATE,1211,1
11,CREATE,1215,4
11,CREATE,1218,3
11,CREATE,1219,1
11,CREATE,1220,1
11,CREATE,1221,1
11,CREATE,1223,2
11,CREATE,1228,1
11,CREATE,1229,1
11,CREATE,1230,1
11,CREATE,1232,4
11,CREATE,1234,9
11,CREATE,1235,1
11,CREATE,1236,1
11,CREATE,1238,1
11,CREATE,1239,3
11,CREATE,1240,2
11,CREATE,1241,1
11,CREATE,1242,2
11,CREATE,1243,10
11,CREATE,1248,1
11,CREATE,1249,8
11,CREATE,1252,1
11,CREATE,1254,1
11,CREATE,1255,1
11,CREATE,1258,2
11,CREATE,1263,1
11,CREATE,1264,5
11,CREATE,1267,1
11,CREATE,1268,1
11,CREATE,1269,1
11,CREATE,1275,1
11,CREATE,1276,1
11,CREATE,1280,1
11,CREATE,1281,1
11,CREATE,1283,1
11,CREATE,1284,2
11,CREATE,1286,8
11,CREATE,1287,62
11,CREATE,1288,1
11,CREATE,1289,1
11,CREATE,1291,1
11,CREATE,1292,3
11,CREATE,1297,2
11,CREATE,1301,1
11,CREATE,1302,2
11,CREATE,1306,1
11,CREATE,1308,15
11,CREATE,1312,3
11,CREATE,1322,1
11,CREATE,1325,1
11,CREATE,1326,2
11,CREATE,1334,4
11,CREATE,1335,1
11,CREATE,1336,1
11,CREATE,1344,1
11,CREATE,1345,11
11,CREATE,1348,3
11,CREATE,1353,2
11,CREATE,1355,2
11,CREATE,1356,19
11,CREATE,1357,1
11,CREATE,1359,1
11,CREATE,1360,1
11,CREATE,1361,2
11,CREATE,1362,1
11,CREATE,1366,1
11,CREATE,1367,1
11,CREATE,1372,1
11,CREATE,1375,1
11,CREATE,1379,3
11,CREATE,1381,3
11,CREATE,1382,6
11,CREATE,1387,1
11,CREATE,1388,1
11,CREATE,1392,1
11,CREATE,1395,2
11,CREATE,1399,1
11,CREATE,1404,1
11,CREATE,1411,2
11,CREATE,1412,1
11,CREATE,1413,1
11,CREATE,1415,1
11,CREATE,1416,1
11,CREATE,1419,6
11,CREATE,1421,1
11,CREATE,1427,1
11,CREATE,1430,1
11,CREATE,1434,1
11,CREATE,1436,1
11,CREATE,1437,2
11,CREATE,1440,1
11,CREATE,1441,2
11,CREATE,1443,9
11,CREATE,1445,1
11,CREATE,1449,1
11,CREATE,1450,1
11,CREATE,1452,1221
11,CREATE,1453,3
11,CREATE,1457,1
11,CREATE,1462,1
11,CREATE,1463,3
11,CREATE,1467,1
11,CREATE,1468,1
11,CREATE,1471,1
11,CREATE,1473,6
11,CREATE,1475,1
11,CREATE,1481,1
11,CREATE,1490,1
11,CREATE,1493,1
11,CREATE,1494,1
11,CREATE,1495,2
11,CREATE,1499,2
11,CREATE,1500,1
11,CREATE,1504,1
11,CREATE,1505,1
11,CREATE,1517,2
11,CREATE,1523,1
11,CREATE,1527,4
11,CREATE,1529,1
11,CREATE,1530,2
11,CREATE,1533,1
11,CREATE,1539,1
11,CREATE,1541,1
11,CREATE,1550,2
11,CREATE,1555,1
11,CREATE,1558,19
11,CREATE,1560,1
11,CREATE,1565,1
11,CREATE,1567,2
11,CREATE,1570,1
11,CREATE,1573,1
11,CREATE,1578,3
11,CREATE,1591,2
11,CREATE,1592,1
11,CREATE,1608,1
11,CREATE,1619,1
11,CREATE,1620,2
11,CREATE,1622,1
11,CREATE,1624,1
11,CREATE,1626,1
11,CREATE,1638,1
11,CREATE,1639,1
11,CREATE,1641,1
11,CREATE,1643,1
11,CREATE,1644,1
11,CREATE,1650,1
11,CREATE,1654,3
11,CREATE,1655,4
11,CREATE,1657,1
11,CREATE,1659,1
11,CREATE,1664,1
11,CREATE,1668,1
11,CREATE,1676,1
11,CREATE,1679,1
11,CREATE,1680,1
11,CREATE,1681,2
11,CREATE,1686,1
11,CREATE,1695,2
11,CREATE,1698,1
11,CREATE,1703,6
11,CREATE,1709,1
11,CREATE,1710,2
11,CREATE,1711,1
11,CREATE,1717,1
11,CREATE,1718,1
11,CREATE,1723,1
11,CREATE,1726,2
11,CREATE,1734,2
11,CREATE,1736,1
11,CREATE,1737,3
11,CREATE,1741,1
11,CREATE,1744,1
11,CREATE,1753,1
11,CREATE,1767,3
11,CREATE,1769,2
11,CREATE,1772,1
11,CREATE,1775,1
11,CREATE,1776,1
11,CREATE,1782,1
11,CREATE,1783,2
11,CREATE,1787,1
11,CREATE,1789,1
11,CREATE,1792,1
11,CREATE,1796,1
11,CREATE,1803,1
11,CREATE,1805,1
11,CREATE,1812,1
11,CREATE,1815,4
11,CREATE,1816,1
11,CREATE,1818,1
11,CREATE,1819,1
11,CREATE,1820,7
11,CREATE,1821,2
11,CREATE,1823,1
11,CREATE,1826,1
11,CREATE,1829,1
11,CREATE,1830,1
11,CREATE,1831,1
11,CREATE,1848,1
11,CREATE,1849,1
11,CREATE,1852,5
11,CREATE,1854,2
11,CREATE,1856,10
11,CREATE,1861,3
11,CREATE,1862,1
11,CREATE,1866,4
11,CREATE,1870,1
11,CREATE,1874,1
11,CREATE,1875,3
11,CREATE,1879,10
11,CREATE,1880,1
11,CREATE,1882,1
11,CREATE,1891,3
11,CREATE,1896,1
11,CREATE,1898,1
11,CREATE,1902,1
11,CREATE,1903,1
11,CREATE,1912,1
11,CREATE,1917,11
11,CREATE,1919,1
11,CREATE,1922,2
11,CREATE,1924,1
11,CREATE,1925,3
11,CREATE,1927,1
11,CREATE,1928,1
11,CREATE,1932,1
11,CREATE,1934,1
11,CREATE,1935,1
11,CREATE,1942,1
11,CREATE,1963,1
11,CREATE,1971,1
11,CREATE,1976,1
11,CREATE,1980,1
11,CREATE,1983,1
11,CREATE,1984,1
11,CREATE,1987,1
11,CREATE,1994,1
11,CREATE,1995,2
11,CREATE,2002,1
11,CREATE,2003,1
11,CREATE,2004,2
11,CREATE,2011,1
11,CREATE,2021,1
11,CREATE,2026,1
11,CREATE,2028,5
11,CREATE,2031,1
11,CREATE,2038,10
11,CREATE,2041,1
11,CREATE,2056,7
11,CREATE,2058,1
11,CREATE,2062,3
11,CREATE,2081,1
11,CREATE,2086,1
11,CREATE,2088,1
11,CREATE,2092,2
11,CREATE,2094,1
11,CREATE,2097,1
11,CREATE,2098,1
11,CREATE,2102,2
11,CREATE,2109,20
11,CREATE,2119,1
11,CREATE,2123,1
11,CREATE,2125,1
11,CREATE,2133,1
11,CREATE,2134,1
11,CREATE,2135,1
11,CREATE,2137,10
11,CREATE,2155,1
11,CREATE,2156,2
11,CREATE,2159,1
11,CREATE,2163,6
11,CREATE,2174,4
11,CREATE,2181,1
11,CREATE,2190,1
11,CREATE,2193,7
11,CREATE,2195,1
11,CREATE,2201,1
11,CREATE,2211,1
11,CREATE,2221,3
11,CREATE,2233,1
11,CREATE,2234,1
11,CREATE,2255,1
11,CREATE,2261,50
11,CREATE,2262,1
11,CREATE,2278,10
11,CREATE,2292,1
11,CREATE,2295,1
11,CREATE,2302,2
11,CREATE,2305,2
11,CREATE,2309,1
11,CREATE,2310,1
11,CREATE,2326,1
11,CREATE,2334,7
11,CREATE,2343,1
11,CREATE,2349,16
11,CREATE,2350,1
11,CREATE,2364,1
11,CREATE,2366,1
11,CREATE,2371,1
11,CREATE,2385,1
11,CREATE,2392,1
11,CREATE,2396,1
11,CREATE,2400,2
11,CREATE,2419,1
11,CREATE,2421,2
11,CREATE,2436,1
11,CREATE,2449,6
11,CREATE,2453,7
11,CREATE,2459,1
11,CREATE,2468,1
11,CREATE,2475,1
11,CREATE,2478,35
11,CREATE,2486,1
11,CREATE,2492,1
11,CREATE,2496,6
11,CREATE,2501,1
11,CREATE,2518,57
11,CREATE,2528,6
11,CREATE,2530,1
11,CREATE,2534,2
11,CREATE,2541,1
11,CREATE,2557,1
11,CREATE,2559,1
11,CREATE,2575,1
11,CREATE,2581,4
11,CREATE,2585,1
11,CREATE,2587,1
11,CREATE,2591,1
11,CREATE,2594,2
11,CREATE,2600,2
11,CREATE,2609,1
11,CREATE,2616,1
11,CREATE,2635,1
11,CREATE,2638,1
11,CREATE,2640,1
11,CREATE,2656,1
11,CREATE,2662,1
11,CREATE,2668,1
11,CREATE,2670,3
11,CREATE,2725,17
11,CREATE,2728,1
11,CREATE,2751,3
11,CREATE,2759,3
11,CREATE,2764,2
11,CREATE,2770,1
11,CREATE,2781,1
11,CREATE,2785,1
11,CREATE,2786,3
11,CREATE,2796,3
11,CREATE,2801,10
11,CREATE,2806,1
11,CREATE,2829,1
11,CREATE,2841,1
11,CREATE,2858,1
11,CREATE,2874,1
11,CREATE,2878,1
11,CREATE,2879,1
11,CREATE,2889,1
11,CREATE,2902,2
11,CREATE,2903,7
11,CREATE,2914,1
11,CREATE,2925,2
11,CREATE,2926,9
11,CREATE,2928,1
11,CREATE,2930,3
11,CREATE,2931,8
11,CREATE,2953,3
11,CREATE,2958,1
11,CREATE,2968,1
11,CREATE,2973,6
11,CREATE,3022,1
11,CREATE,3044,1
11,CREATE,3086,5
11,CREATE,3087,1
11,CREATE,3094,1
11,CREATE,3148,1
11,CREATE,3161,1
11,CREATE,3163,1
11,CREATE,3180,5
11,CREATE,3225,1
11,CREATE,3236,3
11,CREATE,3244,3
11,CREATE,3250,3
11,CREATE,3251,1
11,CREATE,3274,2
11,CREATE,3276,1
11,CREATE,3286,1
11,CREATE,3371,1
11,CREATE,3400,6
11,CREATE,3466,1
11,CREATE,3470,1
11,CREATE,3476,1
11,CREATE,3498,1
11,CREATE,3509,4
11,CREATE,3530,1
11,CREATE,3551,3
11,CREATE,3562,3
11,CREATE,3575,2
11,CREATE,3626,2
11,CREATE,3632,1
11,CREATE,3656,1
11,CREATE,3658,1
11,CREATE,3692,1
11,CREATE,3693,1
11,CREATE,3699,1
11,CREATE,3706,1
11,CREATE,3722,1
11,CREATE,3754,1
11,CREATE,3818,1
11,CREATE,3842,1
11,CREATE,3858,1
11,CREATE,3876,4
11,CREATE,3916,1
11,CREATE,3937,8
11,CREATE,3939,3
11,CREATE,3952,6
11,CREATE,3971,2
11,CREATE,3988,1
11,CREATE,4002,6
11,CREATE,4010,1
11,CREATE,4021,6
11,CREATE,4044,1
11,CREATE,4053,4
11,CREATE,4139,1
11,CREATE,4146,27
11,CREATE,4159,13
11,CREATE,4163,1
11,CREATE,4166,4
11,CREATE,4168,1
11,CREATE,4170,1
11,CREATE,4188,20
11,CREATE,4204,1
11,CREATE,4208,3
11,CREATE,4241,1
11,CREATE,4268,1
11,CREATE,4289,1
11,CREATE,4368,1
11,CREATE,4374,1
11,CREATE,4384,3
11,CREATE,4389,1
11,CREATE,4414,1
11,CREATE,4417,11
11,CREATE,4480,1
11,CREATE,4506,1
11,CREATE,4514,3
11,CREATE,4549,1
11,CREATE,4590,6
11,CREATE,4593,2
11,CREATE,4603,1
11,CREATE,4609,1
11,CREATE,4621,1
11,CREATE,4631,1
11,CREATE,4668,1
11,CREATE,4684,6
11,CREATE,4693,1
11,CREATE,4707,9
11,CREATE,4716,1
11,CREATE,4729,3
11,CREATE,4750,1
11,CREATE,4782,1
11,CREATE,4803,2
11,CREATE,4807,1
11,CREATE,4845,1
11,CREATE,4864,1
11,CREATE,4869,1
11,CREATE,4895,3
11,CREATE,4921,1
11,CREATE,4927,1
11,CREATE,4959,5
11,CREATE,4993,2
11,CREATE,5035,1
11,CREATE,5039,1
11,CREATE,5052,3
11,CREATE,5059,8
11,CREATE,5064,1
11,CREATE,5108,1
11,CREATE,5118,1
11,CREATE,5140,3
11,CREATE,5236,3
11,CREATE,5290,1
11,CREATE,5305,1
11,CREATE,5325,7
11,CREATE,5329,1
11,CREATE,5330,1
11,CREATE,5337,1
11,CREATE,5348,8
11,CREATE,5381,3
11,CREATE,5448,1
11,CREATE,5469,2
11,CREATE,5514,1
11,CREATE,5594,1
11,CREATE,5638,1
11,CREATE,5648,2
11,CREATE,5658,1
11,CREATE,5683,1
11,CREATE,5695,1
11,CREATE,5727,1
11,CREATE,5746,1
11,CREATE,5759,1
11,CREATE,5811,1
11,CREATE,5828,1
11,CREATE,5837,1
11,CREATE,5838,1
11,CREATE,5852,1
11,CREATE,5916,1
11,CREATE,5917,1
11,CREATE,5938,11
11,CREATE,5943,1
11,CREATE,5970,2
11,CREATE,5994,3
11,CREATE,6047,1
11,CREATE,6263,1
11,CREATE,6349,1
11,CREATE,6367,3
11,CREATE,6374,3
11,CREATE,6481,1
11,CREATE,6534,1
11,CREATE,6682,1
11,CREATE,6749,1
11,CREATE,6755,124
11,CREATE,6819,1
11,CREATE,6960,293
11,CREATE,6973,2
11,CREATE,7003,3
11,CREATE,7013,1
11,CREATE,7024,5
11,CREATE,7061,57
11,CREATE,7086,1
11,CREATE,7143,1
11,CREATE,7234,1
11,CREATE,7256,1
11,CREATE,7257,6
11,CREATE,7358,10
11,CREATE,7395,1
11,CREATE,7578,1
11,CREATE,7615,2
11,CREATE,7631,3
11,CREATE,7681,8
11,CREATE,7689,2
11,CREATE,7711,1
11,CREATE,7721,1
11,CREATE,7802,1
11,CREATE,7808,1
11,CREATE,7912,1
11,CREATE,7923,3
11,CREATE,8065,1
11,CREATE,8078,1
11,CREATE,8158,1
11,CREATE,8224,1
11,CREATE,8226,1
11,CREATE,8344,1
11,CREATE,8437,1
11,CREATE,8470,1
11,CREATE,8583,1
11,CREATE,8660,2
11,CREATE,8679,1
11,CREATE,8726,1
11,CREATE,8812,1
11,CREATE,8842,2
11,CREATE,8915,2
11,CREATE,8971,1
11,CREATE,9048,1
11,CREATE,9092,1
11,CREATE,9112,2
11,CREATE,9116,2
11,CREATE,9138,3
11,CREATE,9182,1
11,CREATE,9282,1
11,CREATE,9319,1
11,CREATE,9320,1
11,CREATE,9384,2
11,CREATE,9389,1
11,CREATE,9398,3
11,CREATE,9411,1
11,CREATE,9441,2
11,CREATE,9494,4
11,CREATE,9658,3
11,CREATE,9703,3
11,CREATE,9805,1
11,CREATE,9878,9
11,CREATE,10023,4
11,CREATE,10182,1
11,CREATE,10193,2
11,CREATE,10374,1
11,CREATE,10384,3
11,CREATE,10396,1
11,CREATE,10470,7
11,CREATE,10620,1
11,CREATE,10712,2
11,CREATE,10792,1
11,CREATE,10881,1
11,CREATE,10945,1
11,CREATE,10979,3
11,CREATE,11030,1
11,CREATE,11072,1
11,CREATE,11152,1
11,CREATE,11237,1
11,CREATE,11354,1
11,CREATE,11400,4
11,CREATE,11451,1
11,CREATE,11494,1
11,CREATE,11513,8
11,CREATE,11593,1
11,CREATE,11940,1
11,CREATE,12015,3
11,CREATE,12149,1
11,CREATE,12284,1
11,CREATE,12512,1
11,CREATE,12532,1
11,CREATE,12542,1
11,CREATE,12552,1
11,CREATE,12560,1
11,CREATE,12592,2
11,CREATE,12612,1
11,CREATE,12634,1
11,CREATE,12688,1
11,CREATE,12805,1
11,CREATE,12834,2
11,CREATE,12841,1
11,CREATE,12859,2
11,CREATE,12890,1
11,CREATE,12919,2
11,CREATE,12934,1
11,CREATE,12954,1
11,CREATE,12971,1
11,CREATE,13068,1
11,CREATE,13222,6
11,CREATE,13237,3
11,CREATE,13240,1
11,CREATE,13242,2
11,CREATE,13294,2
11,CREATE,13299,2
11,CREATE,13445,2
11,CREATE,13504,1
11,CREATE,13556,1
11,CREATE,13592,1
11,CREATE,13711,2
11,CREATE,13908,1
11,CREATE,14073,1
11,CREATE,14292,1
11,CREATE,14692,1
11,CREATE,14793,3
11,CREATE,15064,1
11,CREATE,15120,1
11,CREATE,15221,2
11,CREATE,15340,1
11,CREATE,15579,2
11,CREATE,15643,1
11,CREATE,15885,2
11,CREATE,16156,35
11,CREATE,16296,1
11,CREATE,16435,1
11,CREATE,16813,1
11,CREATE,17591,1
11,CREATE,17673,2
11,CREATE,17837,1
11,CREATE,17845,1
11,CREATE,17891,1
11,CREATE,18232,1
11,CREATE,18276,2
11,CREATE,18405,1
11,CREATE,18999,1
11,CREATE,19108,1
11,CREATE,19151,1
11,CREATE,19194,1
11,CREATE,19196,1
11,CREATE,19314,8
11,CREATE,19319,1
11,CREATE,19465,3
11,CREATE,19543,2
11,CREATE,19660,1
11,CREATE,19776,15
11,CREATE,19907,1
11,CREATE,20107,1
11,CREATE,20329,1
11,CREATE,20445,1
11,CREATE,20460,1
11,CREATE,20675,1
11,CREATE,20774,1
11,CREATE,20792,2
11,CREATE,20820,16
11,CREATE,20837,1
11,CREATE,20916,1
11,CREATE,21115,1
11,CREATE,21440,8
11,CREATE,21472,1
11,CREATE,21635,1
11,CREATE,21856,1
11,CREATE,21913,3
11,CREATE,21955,1
11,CREATE,21965,2
11,CREATE,22138,1
11,CREATE,22149,1
11,CREATE,22151,1
11,CREATE,22396,1
11,CREATE,22649,1
11,CREATE,22687,1
11,CREATE,22721,1
11,CREATE,22740,1
11,CREATE,22756,1
11,CREATE,22888,1
11,CREATE,23329,1
11,CREATE,23336,1
11,CREATE,23408,2
11,CREATE,23458,1
11,CREATE,23520,1
11,CREATE,23547,1
11,CREATE,23625,1
11,CREATE,23803,1
11,CREATE,23814,1
11,CREATE,23840,4
11,CREATE,23855,1
11,CREATE,24011,24
11,CREATE,24091,1
11,CREATE,24166,2
11,CREATE,24374,1
11,CREATE,24581,43
11,CREATE,24586,49
11,CREATE,24761,1
11,CREATE,24945,1
11,CREATE,24988,6
11,CREATE,24993,1
11,CREATE,25007,3
11,CREATE,25899,2
12,CREATE2,16,1417
12,CREATE2,17,3
12,CREATE2,19,1
12,CREATE2,21,1
12,CREATE2,30,1
12,CREATE2,38,4
12,CREATE2,49,1
12,CREATE2,51,8
12,CREATE2,53,1215
12,CREATE2,54,862
12,CREATE2,55,2314752
12,CREATE2,57,1
12,CREATE2,59,1
12,CREATE2,60,81
12,CREATE2,69,1
12,CREATE2,72,125
12,CREATE2,74,1226
12,CREATE2,79,358
12,CREATE2,85,1
12,CREATE2,87,49
12,CREATE2,93,1
12,CREATE2,95,7143
12,CREATE2,99,43
12,CREATE2,100,1
12,CREATE2,101,1
12,CREATE2,113,123
12,CREATE2,115,10
12,CREATE2,116,594
12,CREATE2,121,5
12,CREATE2,122,9
12,CREATE2,125,2
12,CREATE2,128,5
12,CREATE2,134,16
12,CREATE2,136,13
12,CREATE2,137,16
12,CREATE2,139,11
12,CREATE2,147,9
12,CREATE2,155,3
12,CREATE2,159,1
12,CREATE2,167,25
12,CREATE2,171,2
12,CREATE2,175,1
12,CREATE2,179,1
12,CREATE2,181,3
12,CREATE2,189,3
12,CREATE2,193,1
12,CREATE2,195,1
12,CREATE2,199,1
12,CREATE2,213,200
12,CREATE2,215,8
12,CREATE2,223,1
12,CREATE2,225,1
12,CREATE2,233,513
12,CREATE2,235,4
12,CREATE2,239,1
12,CREATE2,251,1
12,CREATE2,257,3
12,CREATE2,267,1
12,CREATE2,269,1
12,CREATE2,286,2
12,CREATE2,291,1
12,CREATE2,297,1624
12,CREATE2,303,1
12,CREATE2,317,4
12,CREATE2,320,103
12,CREATE2,331,1
12,CREATE2,345,1
12,CREATE2,369,1
12,CREATE2,371,1
12,CREATE2,380,60
12,CREATE2,386,16
12,CREATE2,401,5
12,CREATE2,402,251
12,CREATE2,403,1
12,CREATE2,413,1
12,CREATE2,416,2
12,CREATE2,429,1
12,CREATE2,433,2
12,CREATE2,449,1
12,CREATE2,450,2
12,CREATE2,467,1
12,CREATE2,470,1
12,CREATE2,478,4
12,CREATE2,493,13
12,CREATE2,499,1
12,CREATE2,500,7
12,CREATE2,505,10
12,CREATE2,518,2960
12,CREATE2,519,1
12,CREATE2,523,3
12,CREATE2,568,1
12,CREATE2,573,2
12,CREATE2,578,1
12,CREATE2,583,1
12,CREATE2,605,2
12,CREATE2,616,2
12,CREATE2,627,18
12,CREATE2,645,2
12,CREATE2,659,4
12,CREATE2,664,4
12,CREATE2,682,1
12,CREATE2,684,1
12,CREATE2,687,1
12,CREATE2,705,4
12,CREATE2,723,1
12,CREATE2,724,2
12,CREATE2,751,1
12,CREATE2,757,1
12,CREATE2,765,4
12,CREATE2,783,1
12,CREATE2,785,6908
12,CREATE2,788,1
12,CREATE2,808,1
12,CREATE2,824,47
12,CREATE2,829,4
12,CREATE2,830,1
12,CREATE2,843,1
12,CREATE2,844,1
12,CREATE2,848,1
12,CREATE2,881,2187
12,CREATE2,883,1
12,CREATE2,893,42
12,CREATE2,898,38
12,CREATE2,907,2
12,CREATE2,935,2
12,CREATE2,945,1
12,CREATE2,958,1
12,CREATE2,963,1
12,CREATE2,965,1
12,CREATE2,970,2
12,CREATE2,973,2
12,CREATE2,974,1
12,CREATE2,997,2
12,CREATE2,998,1
12,CREATE2,1003,1
12,CREATE2,1028,1
12,CREATE2,1029,1
12,CREATE2,1038,2
12,CREATE2,1039,2
12,CREATE2,1040,4
12,CREATE2,1041,1
12,CREATE2,1042,1
12,CREATE2,1045,1
12,CREATE2,1046,3
12,CREATE2,1047,2
12,CREATE2,1048,5
12,CREATE2,1049,4
12,CREATE2,1050,4
12,CREATE2,1051,10
12,CREATE2,1052,6
12,CREATE2,1053,6
12,CREATE2,1054,7
12,CREATE2,1055,4
12,CREATE2,1056,7
12,CREATE2,1057,5
12,CREATE2,1058,9
12,CREATE2,1059,5
12,CREATE2,1060,6
12,CREATE2,1061,6
12,CREATE2,1062,2
12,CREATE2,1064,1
12,CREATE2,1065,3
12,CREATE2,1068,1
12,CREATE2,1071,5
12,CREATE2,1072,5
12,CREATE2,1073,3
12,CREATE2,1074,6
12,CREATE2,1076,1
12,CREATE2,1077,2
12,CREATE2,1078,4
12,CREATE2,1079,2
12,CREATE2,1080,1
12,CREATE2,1082,4
12,CREATE2,1084,3
12,CREATE2,1086,1
12,CREATE2,1087,1
12,CREATE2,1088,1
12,CREATE2,1092,2
12,CREATE2,1095,3
12,CREATE2,1096,1
12,CREATE2,1098,1
12,CREATE2,1101,3
12,CREATE2,1103,1
12,CREATE2,1109,1
12,CREATE2,1119,1
12,CREATE2,1122,2
12,CREATE2,1130,1
12,CREATE2,1146,125
12,CREATE2,1148,1
12,CREATE2,1149,2
12,CREATE2,1173,2
12,CREATE2,1193,1
12,CREATE2,1206,153
12,CREATE2,1207,43
12,CREATE2,1213,634
12,CREATE2,1216,1
12,CREATE2,1228,40
12,CREATE2,1232,6
12,CREATE2,1239,2
12,CREATE2,1242,7
12,CREATE2,1246,1
12,CREATE2,1257,348
12,CREATE2,1258,2
12,CREATE2,1264,11
12,CREATE2,1280,1
12,CREATE2,1296,8
12,CREATE2,1301,2
12,CREATE2,1320,3
12,CREATE2,1327,3
12,CREATE2,1334,4
12,CREATE2,1336,2
12,CREATE2,1350,1
12,CREATE2,1351,1
12,CREATE2,1352,1
12,CREATE2,1353,2
12,CREATE2,1358,1
12,CREATE2,1360,1
12,CREATE2,1379,18
12,CREATE2,1380,1
12,CREATE2,1389,1
12,CREATE2,1392,2
12,CREATE2,1405,1
12,CREATE2,1408,2
12,CREATE2,1409,1
12,CREATE2,1413,9
12,CREATE2,1416,2
12,CREATE2,1429,1
12,CREATE2,1436,1
12,CREATE2,1441,1
12,CREATE2,1470,1
12,CREATE2,1477,2
12,CREATE2,1478,2
12,CREATE2,1479,8
12,CREATE2,1514,20
12,CREATE2,1522,1
12,CREATE2,1530,3
12,CREATE2,1533,1
12,CREATE2,1573,6
12,CREATE2,1576,1
12,CREATE2,1579,1
12,CREATE2,1585,1
12,CREATE2,1590,50
12,CREATE2,1605,2055
12,CREATE2,1607,1
12,CREATE2,1621,1
12,CREATE2,1628,3
12,CREATE2,1633,8
12,CREATE2,1636,1
12,CREATE2,1645,3
12,CREATE2,1648,3
12,CREATE2,1655,1
12,CREATE2,1678,1
12,CREATE2,1682,342
12,CREATE2,1699,1
12,CREATE2,1736,2
12,CREATE2,1743,32
12,CREATE2,1767,1
12,CREATE2,1771,1
12,CREATE2,1781,1
12,CREATE2,1783,1
12,CREATE2,1848,1
12,CREATE2,1864,1
12,CREATE2,1866,2
12,CREATE2,1868,3
12,CREATE2,1892,1
12,CREATE2,1894,1
12,CREATE2,1896,6
12,CREATE2,1916,1
12,CREATE2,1923,1
12,CREATE2,1925,1
12,CREATE2,1939,7
12,CREATE2,1949,1
12,CREATE2,1950,2
12,CREATE2,1963,1
12,CREATE2,1966,1
12,CREATE2,1969,9
12,CREATE2,1975,170
12,CREATE2,1985,1
12,CREATE2,2017,1
12,CREATE2,2058,120
12,CREATE2,2082,1
12,CREATE2,2083,3
12,CREATE2,2085,1
12,CREATE2,2091,1
12,CREATE2,2109,2
12,CREATE2,2121,14
12,CREATE2,2125,3
12,CREATE2,2140,1
12,CREATE2,2145,5
12,CREATE2,2146,2
12,CREATE2,2154,1
12,CREATE2,2155,2
12,CREATE2,2157,1
12,CREATE2,2240,1
12,CREATE2,2251,3
12,CREATE2,2259,7
12,CREATE2,2264,9
12,CREATE2,2280,1
12,CREATE2,2317,1
12,CREATE2,2321,1
12,CREATE2,2335,4
12,CREATE2,2348,3
12,CREATE2,2352,1
12,CREATE2,2367,23
12,CREATE2,2383,2
12,CREATE2,2408,1
12,CREATE2,2414,57
12,CREATE2,2415,1
12,CREATE2,2478,5
12,CREATE2,2494,1
12,CREATE2,2495,1
12,CREATE2,2496,1
12,CREATE2,2502,1
12,CREATE2,2509,1
12,CREATE2,2510,1
12,CREATE2,2559,1
12,CREATE2,2571,1
12,CREATE2,2618,7
12,CREATE2,2619,1
12,CREATE2,2623,1
12,CREATE2,2632,2
12,CREATE2,2634,32
12,CREATE2,2638,1
12,CREATE2,2642,1
12,CREATE2,2660,3
12,CREATE2,2676,1
12,CREATE2,2697,3
12,CREATE2,2712,1
12,CREATE2,2714,1
12,CREATE2,2731,1
12,CREATE2,2756,1
12,CREATE2,2806,1
12,CREATE2,2824,4
12,CREATE2,2827,1
12,CREATE2,2832,1
12,CREATE2,2848,1
12,CREATE2,2849,1
12,CREATE2,2862,1
12,CREATE2,2871,1
12,CREATE2,2883,1
12,CREATE2,2885,1
12,CREATE2,2896,7
12,CREATE2,2908,1
12,CREATE2,2931,6
12,CREATE2,2939,2
12,CREATE2,2948,2
12,CREATE2,2964,2
12,CREATE2,3017,2
12,CREATE2,3018,1
12,CREATE2,3042,2
12,CREATE2,3048,1
12,CREATE2,3066,1
12,CREATE2,3074,2
12,CREATE2,3103,1
12,CREATE2,3108,1
12,CREATE2,3127,1
12,CREATE2,3152,2
12,CREATE2,3169,1
12,CREATE2,3249,1
12,CREATE2,3292,1
12,CREATE2,3312,1
12,CREATE2,3314,1
12,CREATE2,3347,2
12,CREATE2,3399,1
12,CREATE2,3404,1
12,CREATE2,3408,1
12,CREATE2,3427,40
12,CREATE2,3437,1
12,CREATE2,3444,1
12,CREATE2,3448,1
12,CREATE2,3466,1
12,CREATE2,3510,2
12,CREATE2,3524,7
12,CREATE2,3536,1
12,CREATE2,3537,4
12,CREATE2,3541,1
12,CREATE2,3582,5
12,CREATE2,3585,2
12,CREATE2,3601,1
12,CREATE2,3604,1
12,CREATE2,3640,1
12,CREATE2,3652,2
12,CREATE2,3657,2
12,CREATE2,3687,1
12,CREATE2,3692,1
12,CREATE2,3726,1
12,CREATE2,3730,2
12,CREATE2,3732,2
12,CREATE2,3737,8
12,CREATE2,3748,7
12,CREATE2,3769,2
12,CREATE2,3770,1
12,CREATE2,3772,4
12,CREATE2,3776,1
12,CREATE2,3796,1
12,CREATE2,3804,20
12,CREATE2,3816,1
12,CREATE2,3819,1
12,CREATE2,3824,1
12,CREATE2,3828,1
12,CREATE2,3840,1
12,CREATE2,3841,1
12,CREATE2,3845,1
12,CREATE2,3859,1
12,CREATE2,3868,17
12,CREATE2,3877,1
12,CREATE2,3884,1
12,CREATE2,3895,1
12,CREATE2,3932,4
12,CREATE2,3939,6
12,CREATE2,3940,13
12,CREATE2,3953,1
12,CREATE2,3956,1
12,CREATE2,3958,1
12,CREATE2,3964,4
12,CREATE2,3994,1
12,CREATE2,4008,10
12,CREATE2,4012,1
12,CREATE2,4026,2
12,CREATE2,4043,1
12,CREATE2,4066,2
12,CREATE2,4079,3
12,CREATE2,4083,2
12,CREATE2,4086,1
12,CREATE2,4114,20
12,CREATE2,4115,1
12,CREATE2,4124,3
12,CREATE2,4154,2
12,CREATE2,4157,2
12,CREATE2,4171,1
12,CREATE2,4181,1
12,CREATE2,4187,3
12,CREATE2,4188,1
12,CREATE2,4190,21
12,CREATE2,4201,1
12,CREATE2,4224,14
12,CREATE2,4291,1
12,CREATE2,4310,1
12,CREATE2,4317,1
12,CREATE2,4321,1
12,CREATE2,4372,1
12,CREATE2,4394,1
12,CREATE2,4400,1
12,CREATE2,4407,2
12,CREATE2,4410,1
12,CREATE2,4452,1
12,CREATE2,4453,1
12,CREATE2,4459,1
12,CREATE2,4489,2
12,CREATE2,4534,1
12,CREATE2,4554,4
12,CREATE2,4559,1
12,CREATE2,4574,1
12,CREATE2,4605,1
12,CREATE2,4616,1
12,CREATE2,4636,4
12,CREATE2,4681,2
12,CREATE2,4703,1
12,CREATE2,4707,6
12,CREATE2,4722,1
12,CREATE2,4749,1
12,CREATE2,4750,1
12,CREATE2,4754,1
12,CREATE2,4767,1
12,CREATE2,4780,2
12,CREATE2,4801,5
12,CREATE2,4874,1
12,CREATE2,4875,1
12,CREATE2,4877,2
12,CREATE2,4880,1
12,CREATE2,4892,1
12,CREATE2,4896,1
12,CREATE2,4898,1
12,CREATE2,4903,1
12,CREATE2,4912,2
12,CREATE2,4922,6
12,CREATE2,4962,2
12,CREATE2,4991,1
12,CREATE2,5020,1
12,CREATE2,5041,13
12,CREATE2,5042,1
12,CREATE2,5050,3
12,CREATE2,5053,1
12,CREATE2,5109,1
12,CREATE2,5141,4
12,CREATE2,5143,1
12,CREATE2,5155,1
12,CREATE2,5156,1
12,CREATE2,5166,3
12,CREATE2,5169,2
12,CREATE2,5173,1
12,CREATE2,5176,2
12,CREATE2,5188,1
12,CREATE2,5201,1
12,CREATE2,5233,1
12,CREATE2,5247,2
12,CREATE2,5258,1
12,CREATE2,5282,1
12,CREATE2,5300,2
12,CREATE2,5308,3
12,CREATE2,5311,1
12,CREATE2,5333,2
12,CREATE2,5393,1
12,CREATE2,5404,4
12,CREATE2,5407,2
12,CREATE2,5430,2
12,CREATE2,5461,1
12,CREATE2,5463,1
12,CREATE2,5464,1
12,CREATE2,5468,10
12,CREATE2,5475,2
12,CREATE2,5476,1
12,CREATE2,5508,2
12,CREATE2,5569,2
12,CREATE2,5574,6
12,CREATE2,5600,1
12,CREATE2,5621,2
12,CREATE2,5644,1
12,CREATE2,5668,3
12,CREATE2,5687,1
12,CREATE2,5688,1
12,CREATE2,5737,2
12,CREATE2,5793,2
12,CREATE2,5803,1
12,CREATE2,5821,1
12,CREATE2,5829,1
12,CREATE2,5866,1
12,CREATE2,5878,1
12,CREATE2,5953,1
12,CREATE2,5988,1
12,CREATE2,6009,3
12,CREATE2,6064,1
12,CREATE2,6069,1
12,CREATE2,6089,1
12,CREATE2,6154,1
12,CREATE2,6163,1
12,CREATE2,6184,2
12,CREATE2,6192,1
12,CREATE2,6197,1
12,CREATE2,6214,1
12,CREATE2,6232,1
12,CREATE2,6251,1
12,CREATE2,6313,1
12,CREATE2,6336,6
12,CREATE2,6340,2
12,CREATE2,6345,1
12,CREATE2,6348,3
12,CREATE2,6374,8
12,CREATE2,6381,1
12,CREATE2,6402,1
12,CREATE2,6437,1
12,CREATE2,6459,2
12,CREATE2,6483,1
12,CREATE2,6500,1
12,CREATE2,6530,1
12,CREATE2,6563,1
12,CREATE2,6605,1
12,CREATE2,6610,1
12,CREATE2,6617,258
12,CREATE2,6621,2
12,CREATE2,6649,2
12,CREATE2,6756,2
12,CREATE2,6757,1
12,CREATE2,6783,3
12,CREATE2,6804,1
12,CREATE2,6827,1
12,CREATE2,6850,1
12,CREATE2,6885,2
12,CREATE2,6932,1
12,CREATE2,6954,1
12,CREATE2,6993,1
12,CREATE2,7008,1
12,CREATE2,7065,1
12,CREATE2,7125,1
12,CREATE2,7178,3
12,CREATE2,7207,7
12,CREATE2,7216,1
12,CREATE2,7227,1
12,CREATE2,7229,1
12,CREATE2,7255,1
12,CREATE2,7299,1
12,CREATE2,7301,1
12,CREATE2,7402,1
12,CREATE2,7417,1
12,CREATE2,7461,1
12,CREATE2,7506,1
12,CREATE2,7623,1
12,CREATE2,7680,1
12,CREATE2,7754,2
12,CREATE2,7805,5
12,CREATE2,7856,1
12,CREATE2,7943,3
12,CREATE2,7966,1
12,CREATE2,7993,1
12,CREATE2,8011,1
12,CREATE2,8065,1
12,CREATE2,8086,2
12,CREATE2,8107,1
12,CREATE2,8129,1
12,CREATE2,8130,1
12,CREATE2,8139,1
12,CREATE2,8259,1
12,CREATE2,8309,5
12,CREATE2,8376,2
12,CREATE2,8377,1
12,CREATE2,8387,2
12,CREATE2,8486,1
12,CREATE2,8535,1
12,CREATE2,8570,1
12,CREATE2,8621,5
12,CREATE2,8636,1
12,CREATE2,8681,1
12,CREATE2,8733,2
12,CREATE2,8740,1
12,CREATE2,8748,8
12,CREATE2,8758,1
12,CREATE2,8778,1
12,CREATE2,8821,1
12,CREATE2,8845,1
12,CREATE2,8855,1
12,CREATE2,8903,1
12,CREATE2,9102,5
12,CREATE2,9135,1
12,CREATE2,9176,2
12,CREATE2,9351,17
12,CREATE2,9356,1
12,CREATE2,9422,2
12,CREATE2,9514,1
12,CREATE2,9538,10
12,CREATE2,9544,1
12,CREATE2,9625,1
12,CREATE2,9665,2
12,CREATE2,9756,2
12,CREATE2,9779,1
12,CREATE2,9792,7
12,CREATE2,9834,1
12,CREATE2,9835,1
12,CREATE2,9839,1
12,CREATE2,9853,1
12,CREATE2,9862,2
12,CREATE2,9885,2
12,CREATE2,9927,1
12,CREATE2,10025,1
12,CREATE2,10026,1
12,CREATE2,10080,2
12,CREATE2,10081,1
12,CREATE2,10113,1
12,CREATE2,10199,3
12,CREATE2,10204,5
12,CREATE2,10226,9
12,CREATE2,10247,1
12,CREATE2,10294,1
12,CREATE2,10298,1
12,CREATE2,10313,1
12,CREATE2,10330,1
12,CREATE2,10352,1
12,CREATE2,10353,1
12,CREATE2,10387,2
12,CREATE2,10408,1
12,CREATE2,10443,1
12,CREATE2,10471,1
12,CREATE2,10492,1
12,CREATE2,10500,1
12,CREATE2,10511,1
12,CREATE2,10543,1
12,CREATE2,10574,2
12,CREATE2,10659,1
12,CREATE2,10678,1
12,CREATE2,10702,1
12,CREATE2,10716,1
12,CREATE2,10765,2
12,CREATE2,10770,1
12,CREATE2,10771,2
12,CREATE2,10809,6
12,CREATE2,10823,2
12,CREATE2,10873,1
12,CREATE2,10892,2
12,CREATE2,10895,2
12,CREATE2,10951,1
12,CREATE2,11050,1
12,CREATE2,11216,1
12,CREATE2,11270,2
12,CREATE2,11320,1
12,CREATE2,11368,1
12,CREATE2,11370,1
12,CREATE2,11440,1
12,CREATE2,11460,1
12,CREATE2,11479,1
12,CREATE2,11564,1
12,CREATE2,11579,1
12,CREATE2,11610,1
12,CREATE2,11625,1
12,CREATE2,11636,3415
12,CREATE2,11640,105
12,CREATE2,11688,1
12,CREATE2,11778,1
12,CREATE2,11792,1
12,CREATE2,11834,1
12,CREATE2,11871,1
12,CREATE2,11889,1
12,CREATE2,11940,2
12,CREATE2,12007,1
12,CREATE2,12033,2
12,CREATE2,12098,1
12,CREATE2,12111,2
12,CREATE2,12247,1
12,CREATE2,12254,2
12,CREATE2,12270,1
12,CREATE2,12289,1
12,CREATE2,12334,4
12,CREATE2,12344,1
12,CREATE2,12409,1
12,CREATE2,12414,3
12,CREATE2,12563,2
12,CREATE2,12631,5
12,CREATE2,12651,1
12,CREATE2,12711,1
12,CREATE2,12874,1
12,CREATE2,12889,1
12,CREATE2,13122,1
12,CREATE2,13123,20
12,CREATE2,13308,1
12,CREATE2,13315,1
12,CREATE2,13321,2
12,CREATE2,13445,1
12,CREATE2,13526,1
12,CREATE2,13558,1
12,CREATE2,13559,1
12,CREATE2,13639,1
12,CREATE2,13653,1
12,CREATE2,13723,1
12,CREATE2,13769,2
12,CREATE2,13793,1
12,CREATE2,13846,1
12,CREATE2,13935,1
12,CREATE2,13950,1
12,CREATE2,13991,1
12,CREATE2,13992,1
12,CREATE2,14051,1
12,CREATE2,14085,1
12,CREATE2,14161,1
12,CREATE2,14218,4
12,CREATE2,14246,1
12,CREATE2,14312,1
12,CREATE2,14334,1
12,CREATE2,14382,1
12,CREATE2,14389,1
12,CREATE2,14410,1
12,CREATE2,14476,1
12,CREATE2,14494,2
12,CREATE2,14498,1
12,CREATE2,14521,1
12,CREATE2,14686,1
12,CREATE2,14692,1
12,CREATE2,14726,1
12,CREATE2,14779,1
12,CREATE2,14864,2
12,CREATE2,14868,1
12,CREATE2,14935,1
12,CREATE2,15038,1
12,CREATE2,15142,1
12,CREATE2,15193,1
12,CREATE2,15202,1
12,CREATE2,15234,2
12,CREATE2,15238,1
12,CREATE2,15329,2
12,CREATE2,15339,1
12,CREATE2,15401,1
12,CREATE2,15608,1
12,CREATE2,15609,1
12,CREATE2,15668,1
12,CREATE2,15717,3
12,CREATE2,15841,1
12,CREATE2,15861,1
12,CREATE2,16026,1
12,CREATE2,16030,1
12,CREATE2,16054,1
12,CREATE2,16103,1
12,CREATE2,16299,1
12,CREATE2,16456,1
12,CREATE2,16521,1
12,CREATE2,16845,1
12,CREATE2,16908,1
12,CREATE2,16938,1
12,CREATE2,17064,1
12,CREATE2,17110,2
12,CREATE2,17137,2
12,CREATE2,17142,1
12,CREATE2,17211,1
12,CREATE2,17254,1
12,CREATE2,17270,1
12,CREATE2,17283,1
12,CREATE2,17312,1
12,CREATE2,17316,1
12,CREATE2,17334,2
12,CREATE2,17516,10
12,CREATE2,17526,1
12,CREATE2,17546,1
12,CREATE2,17610,1
12,CREATE2,17982,1
12,CREATE2,18213,1
12,CREATE2,18279,1
12,CREATE2,18354,2
12,CREATE2,18364,6
12,CREATE2,18377,3
12,CREATE2,18446,1
12,CREATE2,18500,1
12,CREATE2,18553,1
12,CREATE2,18603,1
12,CREATE2,18643,1
12,CREATE2,18659,1
12,CREATE2,18674,1
12,CREATE2,18682,1
12,CREATE2,18690,1
12,CREATE2,18691,1
12,CREATE2,18693,3
12,CREATE2,18725,1
12,CREATE2,18891,1
12,CREATE2,18904,1
12,CREATE2,18908,2
12,CREATE2,18917,1
12,CREATE2,18954,1
12,CREATE2,19002,1
12,CREATE2,19003,2
12,CREATE2,19146,1
12,CREATE2,19159,1
12,CREATE2,19169,1
12,CREATE2,19184,2
12,CREATE2,19565,1
12,CREATE2,19735,1
12,CREATE2,19813,1
12,CREATE2,19841,1
12,CREATE2,19879,1
12,CREATE2,20013,1
12,CREATE2,20034,2
12,CREATE2,20078,1
12,CREATE2,20093,1
12,CREATE2,20131,1
12,CREATE2,20151,1
12,CREATE2,20174,1
12,CREATE2,20526,1
12,CREATE2,20715,1
12,CREATE2,20873,1
12,CREATE2,21023,1
12,CREATE2,21067,7
12,CREATE2,21225,3
12,CREATE2,21517,1
12,CREATE2,21571,1
12,CREATE2,21640,1
12,CREATE2,21685,1
12,CREATE2,21688,10
12,CREATE2,21819,2
12,CREATE2,21876,10
12,CREATE2,21967,1
12,CREATE2,22008,7
12,CREATE2,22139,2
12,CREATE2,22153,1
12,CREATE2,22158,2
12,CREATE2,22279,1
12,CREATE2,22304,1
12,CREATE2,22310,1
12,CREATE2,22312,1
12,CREATE2,22336,1
12,CREATE2,22368,1
12,CREATE2,22409,14
12,CREATE2,22423,1
12,CREATE2,22432,1
12,CREATE2,22445,1
12,CREATE2,22459,2
12,CREATE2,22464,1
12,CREATE2,22477,1
12,CREATE2,22675,1
12,CREATE2,22700,1
12,CREATE2,22728,714
12,CREATE2,22779,1
12,CREATE2,22815,2
12,CREATE2,22861,1
12,CREATE2,22996,1
12,CREATE2,23114,1
12,CREATE2,23208,4
12,CREATE2,23326,1
12,CREATE2,23362,1
12,CREATE2,23460,6
12,CREATE2,23473,1
12,CREATE2,23500,6
12,CREATE2,23519,2
12,CREATE2,23566,24
12,CREATE2,23574,1
12,CREATE2,23609,1
12,CREATE2,23630,2
12,CREATE2,23653,1
12,CREATE2,23779,1
12,CREATE2,23781,1
12,CREATE2,23950,2
12,CREATE2,23953,11
12,CREATE2,24011,6
12,CREATE2,24051,2
12,CREATE2,24123,1
12,CREATE2,24279,8
12,CREATE2,24290,2
12,CREATE2,24332,2
12,CREATE2,24418,1
12,CREATE2,24489,1
12,CREATE2,24575,1
12,CREATE2,24586,267
12,CREATE2,24607,10
12,CREATE2,24613,1
12,CREATE2,24676,1
12,CREATE2,24714,1
12,CREATE2,24780,1
12,CREATE2,25115,1
12,CREATE2,25321,1
12,CREATE2,25395,1
12,CREATE2,25411,1
12,CREATE2,25643,1
12,CREATE2,25743,2
12,CREATE2,26011,1
12,CREATE2,26043,61
12,CREATE2,26073,1
12,CREATE2,26255,1
12,CREATE2,26312,2
12,CREATE2,26766,1
12,CREATE2,27079,1
12,CREATE2,27840,7
12,CREATE2,27843,1
12,CREATE2,27854,1
12,CREATE2,28399,1
13,SELFDESTRUCT,0,48044
